{
  "base_current_top20_tradable": {
    "label": "current_top20_tradable",
    "count": 20,
    "pnl": 122.3596263416715,
    "pf": 1.2893992521151718,
    "dd": 53.77813717384298,
    "wr": 38.13747228381374,
    "trades": 451,
    "pref": 4.471682515314633,
    "weekly_wr": 51.724137931034484
  },
  "base_research_top20": {
    "label": "research_top20_history_filtered",
    "count": 20,
    "pnl": 180.06315407801935,
    "pf": 1.3819443553618647,
    "dd": 62.018654214686705,
    "wr": 39.39393939393939,
    "trades": 495,
    "pref": 6.220376616487233,
    "weekly_wr": 51.724137931034484
  },
  "base_current_repo_15": {
    "label": "current_repo_15",
    "count": 15,
    "pnl": 230.2168242076904,
    "pf": 1.7046409979312593,
    "dd": 30.724994312355165,
    "wr": 43.733333333333334,
    "trades": 375,
    "pref": 31.751477090405604,
    "weekly_wr": 55.172413793103445
  },
  "top_positive_leave_one_out": [
    {
      "removed": "SOL/USDT",
      "count": 19,
      "pnl": 188.7296419390492,
      "pf": 1.4262567334700962,
      "dd": 58.85076089333383,
      "wr": 39.705882352941174,
      "trades": 476,
      "pref": 7.287423259712821,
      "delta_pnl": 8.66648786102985,
      "delta_pf": 0.04431237810823152,
      "delta_dd": -3.167893321352878,
      "delta_pref": 1.0670466432255878
    },
    {
      "removed": "XMR/USDT",
      "count": 19,
      "pnl": 195.6800411249732,
      "pf": 1.447859179036441,
      "dd": 61.03130296508728,
      "wr": 40.42553191489361,
      "trades": 470,
      "pref": 7.229857535905521,
      "delta_pnl": 15.616887046953849,
      "delta_pf": 0.06591482367457635,
      "delta_dd": -0.9873512495994277,
      "delta_pref": 1.009480919418288
    },
    {
      "removed": "TRX/USDT",
      "count": 19,
      "pnl": 187.2665086603068,
      "pf": 1.4088311207522568,
      "dd": 58.93910897985217,
      "wr": 39.83402489626556,
      "trades": 482,
      "pref": 7.224542388679476,
      "delta_pnl": 7.20335458228746,
      "delta_pf": 0.026886765390392142,
      "delta_dd": -3.0795452348345336,
      "delta_pref": 1.004165772192243
    },
    {
      "removed": "ETH/USDT",
      "count": 19,
      "pnl": 175.80186586082124,
      "pf": 1.4000035615497608,
      "dd": 56.90175030170377,
      "wr": 39.69957081545064,
      "trades": 466,
      "pref": 7.045229580476294,
      "delta_pnl": -4.261288217198114,
      "delta_pf": 0.018059206187896137,
      "delta_dd": -5.116903912982934,
      "delta_pref": 0.8248529639890609
    },
    {
      "removed": "LTC/USDT",
      "count": 19,
      "pnl": 183.37396477491058,
      "pf": 1.4168853977002187,
      "dd": 61.31605251572038,
      "wr": 40.12738853503185,
      "trades": 471,
      "pref": 6.778145433735482,
      "delta_pnl": 3.310810696891224,
      "delta_pf": 0.034941042338354045,
      "delta_dd": -0.7026016989663262,
      "delta_pref": 0.5577688172482489
    },
    {
      "removed": "SUI/USDT",
      "count": 19,
      "pnl": 172.02145144369663,
      "pf": 1.3935572178800206,
      "dd": 58.5296529460089,
      "wr": 39.186295503211994,
      "trades": 467,
      "pref": 6.684851672268375,
      "delta_pnl": -8.041702634322718,
      "delta_pf": 0.011612862518155964,
      "delta_dd": -3.4890012686778036,
      "delta_pref": 0.46447505578114257
    },
    {
      "removed": "BTC/USDT",
      "count": 19,
      "pnl": 177.64640319370778,
      "pf": 1.3922835752508742,
      "dd": 58.7732804153686,
      "wr": 39.57446808510638,
      "trades": 470,
      "pref": 6.679798843429409,
      "delta_pnl": -2.4167508843115684,
      "delta_pf": 0.010339219889009543,
      "delta_dd": -3.245373799318102,
      "delta_pref": 0.45942222694217616
    },
    {
      "removed": "XLM/USDT",
      "count": 19,
      "pnl": 164.8991207658538,
      "pf": 1.3745729438111154,
      "dd": 54.68878760114213,
      "wr": 39.61456102783726,
      "trades": 467,
      "pref": 6.52694159542031,
      "delta_pnl": -15.164033312165543,
      "delta_pf": -0.007371411550749274,
      "delta_dd": -7.329866613544574,
      "delta_pref": 0.30656497893307755
    },
    {
      "removed": "HBAR/USDT",
      "count": 19,
      "pnl": 176.50350089389246,
      "pf": 1.3928254375546252,
      "dd": 59.258984960067785,
      "wr": 39.62264150943396,
      "trades": 477,
      "pref": 6.51516918023655,
      "delta_pnl": -3.559653184126887,
      "delta_pf": 0.010881082192760516,
      "delta_dd": -2.7596692546189203,
      "delta_pref": 0.2947925637493176
    },
    {
      "removed": "BCH/USDT",
      "count": 19,
      "pnl": 177.9808229398024,
      "pf": 1.3971784189454945,
      "dd": 59.92457925412891,
      "wr": 39.36842105263158,
      "trades": 475,
      "pref": 6.449353119045458,
      "delta_pnl": -2.0823311382169436,
      "delta_pf": 0.015234063583629887,
      "delta_dd": -2.0940749605577977,
      "delta_pref": 0.22897650255822555
    }
  ],
  "combo_candidates": [
    "SOL/USDT",
    "XMR/USDT",
    "TRX/USDT",
    "ETH/USDT",
    "LTC/USDT",
    "SUI/USDT",
    "BTC/USDT"
  ],
  "best_combo_by_pref": {
    "removed": "SOL/USDT,XMR/USDT,TRX/USDT,ETH/USDT,LTC/USDT,SUI/USDT,BTC/USDT",
    "count": 13,
    "pnl": 194.48717233183163,
    "pf": 1.6829497378119835,
    "dd": 40.17935911016279,
    "wr": 43.373493975903614,
    "trades": 332,
    "pref": 18.526864226816752,
    "delta_pnl": 14.424018253812278,
    "delta_pf": 0.3010053824501189,
    "delta_dd": -21.839295104523913,
    "delta_pref": 12.306487610329519
  },
  "best_moderate_combo": {
    "removed": "SOL/USDT,XMR/USDT,TRX/USDT,ETH/USDT,LTC/USDT,SUI/USDT,BTC/USDT",
    "count": 13,
    "pnl": 194.48717233183163,
    "pf": 1.6829497378119835,
    "dd": 40.17935911016279,
    "wr": 43.373493975903614,
    "trades": 332,
    "pref": 18.526864226816752,
    "delta_pnl": 14.424018253812278,
    "delta_pf": 0.3010053824501189,
    "delta_dd": -21.839295104523913,
    "delta_pref": 12.306487610329519
  },
  "best_aggressive_combo": {
    "removed": "SOL/USDT,XMR/USDT,TRX/USDT,ETH/USDT,LTC/USDT,SUI/USDT,BTC/USDT",
    "count": 13,
    "pnl": 194.48717233183163,
    "pf": 1.6829497378119835,
    "dd": 40.17935911016279,
    "wr": 43.373493975903614,
    "trades": 332,
    "pref": 18.526864226816752,
    "delta_pnl": 14.424018253812278,
    "delta_pf": 0.3010053824501189,
    "delta_dd": -21.839295104523913,
    "delta_pref": 12.306487610329519
  }
}